id,kanji,kanji_radical,dictionary_form,romaji,stem,transitivity,hiragana,meaning,verb_type,theme,present_affirmative,present_negative,past_affirmative,past_negative,te_form_affirmative,present_short_negative,te_form_negative_naide,te_form_negative_nakute,past_short_affirmative,past_short_negative,tai,volitional,ba_form_affirmative,ba_form_negative,potential,causative,passive,causative_passive,grammar_references,kanji_references,jlpt_level
v001,食べる,食,たべる,taberu,たべ,transitive,たべる,to eat,ru,food,たべます,たべません,たべました,たべませんでした,たべて,たべない,たべないで,たべなくて,たべた,たべなかった,たべたい,たべよう,たべれば,たべなければ,たべられる,たべさせる,たべられる,たべさせられる,,k0064,N5
v002,飲む,飲,のむ,nomu,のみ,transitive,のむ,to drink,u,food,のみます,のみません,のみました,のみませんでした,のんで,のまない,のまないで,のまなくて,のんだ,のまなかった,のみたい,のもう,のめば,のまなければ,のめる,のませる,のまれる,のまされる,,,N5
v003,行く,,いく,iku,いき,intransitive,いく,to go,u,movement,いきます,いきません,いきました,いきませんでした,いって,いかない,いかないで,いかなくて,いった,いかなかった,いきたい,いこう,いけば,いかなければ,いける,いかせる,いかれる,いかされる,,k0015,N5
v004,来る,,くる,kuru,き,intransitive,くる,to come,irregular,movement,きます,きません,きました,きませんでした,きて,こない,こないで,こなくて,きた,こなかった,きたい,こよう,くれば,こなければ,こられる,こさせる,こられる,こさせられる,,k0039,N5
v005,見る,,みる,miru,み,transitive,みる,to see; to look,ru,action,みます,みません,みました,みませんでした,みて,みない,みないで,みなくて,みた,みなかった,みたい,みよう,みれば,みなければ,みられる,みさせる,みられる,みさせられる,,k0016,N5
v006,聞く,,きく,kiku,きき,transitive,きく,to hear; to listen; to ask,u,action,ききます,ききません,ききました,ききませんでした,きいて,きかない,きかないで,きかなくて,きいた,きかなかった,ききたい,きこう,きけば,きかなければ,きける,きかせる,きかれる,きかされる,,,N5
v007,話す,話,はなす,hanasu,はなし,transitive,はなす,to speak; to talk,u,communication,はなします,はなしません,はなしました,はなしませんでした,はなして,はなさない,はなさないで,はなさなくて,はなした,はなさなかった,はなしたい,はなそう,はなせば,はなさなければ,はなせる,はなさせる,はなされる,はなさされる,,k0044,N5
v008,書く,書,かく,kaku,かき,transitive,かく,to write,u,action,かきます,かきません,かきました,かきませんでした,かいて,かかない,かかないで,かかなくて,かいた,かかなかった,かきたい,かこう,かけば,かかなければ,かける,かかせる,かかれる,かかされる,,k0049,N5
v009,読む,読,よむ,yomu,よみ,transitive,よむ,to read,u,education,よみます,よみません,よみました,よみませんでした,よんで,よまない,よまないで,よまなくて,よんだ,よまなかった,よみたい,よもう,よめば,よまなければ,よめる,よませる,よまれる,よまされる,,,N5
v010,する,,する,suru,し,transitive,する,to do,irregular,action,します,しません,しました,しませんでした,して,しない,しないで,しなくて,した,しなかった,したい,しよう,すれば,しなければ,できる,させる,される,させられる,,,N5
v011,ある,,ある,aru,あり,intransitive,ある,to exist (inanimate),u,state,あります,ありません,ありました,ありませんでした,あって,ない,ないで,なくて,あった,なかった,ありたい,あろう,あれば,なければ,あれる,あらせる,あられる,あらされる,,,N5
v012,いる,,いる,iru,い,intransitive,いる,to exist (animate),ru,state,います,いません,いました,いませんでした,いて,いない,いないで,いなくて,いた,いなかった,いたい,いよう,いれば,いなければ,いられる,いさせる,いられる,いさせられる,,,N5
v013,買う,買,かう,kau,かい,transitive,かう,to buy,u,shopping,かいます,かいません,かいました,かいませんでした,かって,かわない,かわないで,かわなくて,かった,かわなかった,かいたい,かおう,かえば,かわなければ,かえる,かわせる,かわれる,かわされる,,,N5
v014,売る,売,うる,uru,うり,transitive,うる,to sell,u,shopping,うります,うりません,うりました,うりませんでした,うって,うらない,うらないで,うらなくて,うった,うらなかった,うりたい,うろう,うれば,うらなければ,うれる,うらせる,うられる,うらされる,,,N4
v015,帰る,帰,かえる,kaeru,かえり,intransitive,かえる,to return home,u,movement,かえります,かえりません,かえりました,かえりませんでした,かえって,かえらない,かえらないで,かえらなくて,かえった,かえらなかった,かえりたい,かえろう,かえれば,かえらなければ,かえれる,かえらせる,かえられる,かえらされる,,,N5
v016,起きる,,おきる,okiru,おき,intransitive,おきる,to wake up; to get up,ru,daily life,おきます,おきません,おきました,おきませんでした,おきて,おきない,おきないで,おきなくて,おきた,おきなかった,おきたい,おきよう,おきれば,おきなければ,おきられる,おきさせる,おきられる,おきさせられる,,,N5
v017,寝る,,ねる,neru,ね,intransitive,ねる,to sleep; to go to bed,ru,daily life,ねます,ねません,ねました,ねませんでした,ねて,ねない,ねないで,ねなくて,ねた,ねなかった,ねたい,ねよう,ねれば,ねなければ,ねられる,ねさせる,ねられる,ねさせられる,,,N5
v018,着る,着,きる,kiru,き,transitive,きる,to put on (clothing),ru,clothing,きます,きません,きました,きませんでした,きて,きない,きないで,きなくて,きた,きなかった,きたい,きよう,きれば,きなければ,きられる,きさせる,きられる,きさせられる,,,N5
v019,はく,,はく,haku,はき,transitive,はく,to put on (trousers/shoes),u,clothing,はきます,はきません,はきました,はきませんでした,はいて,はかない,はかないで,はかなくて,はいた,はかなかった,はきたい,はこう,はけば,はかなければ,はける,はかせる,はかれる,はかされる,,,N5
v020,つける,,つける,tsukeru,つけ,transitive,つける,to turn on; to attach,ru,action,つけます,つけません,つけました,つけませんでした,つけて,つけない,つけないで,つけなくて,つけた,つけなかった,つけたい,つけよう,つければ,つけなければ,つけられる,つけさせる,つけられる,つけさせられる,,,N5
v021,あける,,あける,akeru,あけ,transitive,あける,to open,ru,action,あけます,あけません,あけました,あけませんでした,あけて,あけない,あけないで,あけなくて,あけた,あけなかった,あけたい,あけよう,あければ,あけなければ,あけられる,あけさせる,あけられる,あけさせられる,,,N5
v022,しめる,,しめる,shimeru,しめ,transitive,しめる,to close; to shut,ru,action,しめます,しめません,しめました,しめませんでした,しめて,しめない,しめないで,しめなくて,しめた,しめなかった,しめたい,しめよう,しめれば,しめなければ,しめられる,しめさせる,しめられる,しめさせられる,,,N5
v023,始める,,はじめる,hajimeru,はじめ,transitive,はじめる,to begin; to start,ru,action,はじめます,はじめません,はじめました,はじめませんでした,はじめて,はじめない,はじめないで,はじめなくて,はじめた,はじめなかった,はじめたい,はじめよう,はじめれば,はじめなければ,はじめられる,はじめさせる,はじめられる,はじめさせられる,,,N4
v024,終わる,,おわる,owaru,おわり,intransitive,おわる,to end; to finish,u,action,おわります,おわりません,おわりました,おわりませんでした,おわって,おわらない,おわらないで,おわらなくて,おわった,おわらなかった,おわりたい,おわろう,おわれば,おわらなければ,おわれる,おわらせる,おわられる,おわらされる,,,N4
v025,働く,働,はたらく,hataraku,はたらき,intransitive,はたらく,to work,u,work,はたらきます,はたらきません,はたらきました,はたらきませんでした,はたらいて,はたらかない,はたらかないで,はたらかなくて,はたらいた,はたらかなかった,はたらきたい,はたらこう,はたらけば,はたらかなければ,はたらける,はたらかせる,はたらかれる,はたらかされる,,,N4
v026,勉強する,勉強,べんきょうする,benkyou suru,べんきょうし,intransitive,べんきょうする,to study,irregular,education,べんきょうします,べんきょうしません,べんきょうしました,べんきょうしませんでした,べんきょうして,べんきょうしない,べんきょうしないで,べんきょうしなくて,べんきょうした,べんきょうしなかった,べんきょうしたい,べんきょうしよう,べんきょうすれば,べんきょうしなければ,べんきょうできる,べんきょうさせる,べんきょうされる,べんきょうさせられる,,,N5
v027,会う,会,あう,au,あい,intransitive,あう,to meet,u,social,あいます,あいません,あいました,あいませんでした,あって,あわない,あわないで,あわなくて,あった,あわなかった,あいたい,あおう,あえば,あわなければ,あえる,あわせる,あわれる,あわされる,,,N5
v028,待つ,待,まつ,matsu,まち,transitive,まつ,to wait,u,action,まちます,まちません,まちました,まちませんでした,まって,またない,またないで,またなくて,まった,またなかった,まちたい,まとう,まてば,またなければ,まてる,またせる,またれる,またされる,,,N5
v029,立つ,立,たつ,tatsu,たち,intransitive,たつ,to stand,u,movement,たちます,たちません,たちました,たちませんでした,たって,たたない,たたないで,たたなくて,たった,たたなかった,たちたい,たとう,たてば,たたなければ,たてる,たたせる,たたれる,たたされる,,,N5
v030,座る,,すわる,suwaru,すわり,intransitive,すわる,to sit,u,movement,すわります,すわりません,すわりました,すわりませんでした,すわって,すわらない,すわらないで,すわらなくて,すわった,すわらなかった,すわりたい,すわろう,すわれば,すわらなければ,すわれる,すわらせる,すわられる,すわらされる,,,N5
v031,入る,入,はいる,hairu,はいり,intransitive,はいる,to enter,u,movement,はいります,はいりません,はいりました,はいりませんでした,はいって,はいらない,はいらないで,はいらなくて,はいった,はいらなかった,はいりたい,はいろう,はいれば,はいらなければ,はいれる,はいらせる,はいられる,はいらされる,,k0030,N5
v032,出る,出,でる,deru,で,intransitive,でる,to go out; to leave,ru,movement,でます,でません,でました,でませんでした,でて,でない,でないで,でなくて,でた,でなかった,でたい,でよう,でれば,でなければ,でられる,ださせる,でられる,ださせられる,,k0012,N5
v033,上がる,,あがる,agaru,あがり,intransitive,あがる,to rise; to go up,u,movement,あがります,あがりません,あがりました,あがりませんでした,あがって,あがらない,あがらないで,あがらなくて,あがった,あがらなかった,あがりたい,あがろう,あがれば,あがらなければ,あがれる,あがらせる,あがられる,あがらされる,,k0024,N4
v034,下がる,,さがる,sagaru,さがり,intransitive,さがる,to fall; to go down,u,movement,さがります,さがりません,さがりました,さがりませんでした,さがって,さがらない,さがらないで,さがらなくて,さがった,さがらなかった,さがりたい,さがろう,さがれば,さがらなければ,さがれる,さがらせる,さがられる,さがらされる,,k0038,N4
v035,使う,使,つかう,tsukau,つかい,transitive,つかう,to use,u,action,つかいます,つかいません,つかいました,つかいませんでした,つかって,つかわない,つかわないで,つかわなくて,つかった,つかわなかった,つかいたい,つかおう,つかえば,つかわなければ,つかえる,つかわせる,つかわれる,つかわされる,,,N5
v036,作る,作,つくる,tsukuru,つくり,transitive,つくる,to make; to create,u,action,つくります,つくりません,つくりました,つくりませんでした,つくって,つくらない,つくらないで,つくらなくて,つくった,つくらなかった,つくりたい,つくろう,つくれば,つくらなければ,つくれる,つくらせる,つくられる,つくらされる,,,N5
v037,思う,思,おもう,omou,おもい,transitive,おもう,to think; to feel,u,mental,おもいます,おもいません,おもいました,おもいませんでした,おもって,おもわない,おもわないで,おもわなくて,おもった,おもわなかった,おもいたい,おもおう,おもえば,おもわなければ,おもえる,おもわせる,おもわれる,おもわされる,,,N5
v038,知る,知,しる,shiru,しり,transitive,しる,to know,u,mental,しります,しりません,しりました,しりませんでした,しって,しらない,しらないで,しらなくて,しった,しらなかった,しりたい,しろう,しれば,しらなければ,しれる,しらせる,しられる,しらされる,,,N5
v039,分かる,,わかる,wakaru,わかり,intransitive,わかる,to understand,u,mental,わかります,わかりません,わかりました,わかりませんでした,わかって,わからない,わからないで,わからなくて,わかった,わからなかった,わかりたい,わかろう,わかれば,わからなければ,わかれる,わからせる,わかられる,わからされる,,,N5
v040,見せる,,みせる,miseru,みせ,transitive,みせる,to show,ru,action,みせます,みせません,みせました,みせませんでした,みせて,みせない,みせないで,みせなくて,みせた,みせなかった,みせたい,みせよう,みせれば,みせなければ,みせられる,みせさせる,みせられる,みせさせられる,,,N5
v041,教える,教,おしえる,oshieru,おしえ,transitive,おしえる,to teach; to tell,ru,education,おしえます,おしえません,おしえました,おしえませんでした,おしえて,おしえない,おしえないで,おしえなくて,おしえた,おしえなかった,おしえたい,おしえよう,おしえれば,おしえなければ,おしえられる,おしえさせる,おしえられる,おしえさせられる,,,N5
v042,習う,習,ならう,narau,ならい,transitive,ならう,to learn,u,education,ならいます,ならいません,ならいました,ならいませんでした,ならって,ならわない,ならわないで,ならわなくて,ならった,ならわなかった,ならいたい,ならおう,ならえば,ならわなければ,ならえる,ならわせる,ならわれる,ならわされる,,,N5
v043,泳ぐ,,およぐ,oyogu,およぎ,intransitive,およぐ,to swim,u,sports,およぎます,およぎません,およぎました,およぎませんでした,およいで,およがない,およがないで,およがなくて,およいだ,およがなかった,およぎたい,およごう,およげば,およがなければ,およげる,およがせる,およがれる,およがされる,,,N5
v044,走る,,はしる,hashiru,はしり,intransitive,はしる,to run,u,movement,はしります,はしりません,はしりました,はしりませんでした,はしって,はしらない,はしらないで,はしらなくて,はしった,はしらなかった,はしりたい,はしろう,はしれば,はしらなければ,はしれる,はしらせる,はしられる,はしらされる,,,N5
v045,歩く,,あるく,aruku,あるき,intransitive,あるく,to walk,u,movement,あるきます,あるきません,あるきました,あるきませんでした,あるいて,あるかない,あるかないで,あるかなくて,あるいた,あるかなかった,あるきたい,あるこう,あるけば,あるかなければ,あるける,あるかせる,あるかれる,あるかされる,,,N5
v046,乗る,乗,のる,noru,のり,intransitive,のる,to ride; to get on,u,movement,のります,のりません,のりました,のりませんでした,のって,のらない,のらないで,のらなくて,のった,のらなかった,のりたい,のろう,のれば,のらなければ,のれる,のらせる,のられる,のらされる,,,N5
v047,降りる,,おりる,oriru,おり,intransitive,おりる,to get off; to descend,ru,movement,おります,おりません,おりました,おりませんでした,おりて,おりない,おりないで,おりなくて,おりた,おりなかった,おりたい,おりよう,おりれば,おりなければ,おりられる,おりさせる,おりられる,おりさせられる,,,N5
v048,借りる,,かりる,kariru,かり,transitive,かりる,to borrow; to rent,ru,social,かります,かりません,かりました,かりませんでした,かりて,かりない,かりないで,かりなくて,かりた,かりなかった,かりたい,かりよう,かりれば,かりなければ,かりられる,かりさせる,かりられる,かりさせられる,,,N5
v049,貸す,,かす,kasu,かし,transitive,かす,to lend,u,social,かします,かしません,かしました,かしませんでした,かして,かさない,かさないで,かさなくて,かした,かさなかった,かしたい,かそう,かせば,かさなければ,かせる,かさせる,かされる,かさされる,,,N5
v050,飛ぶ,,とぶ,tobu,とび,intransitive,とぶ,to fly; to jump,u,movement,とびます,とびません,とびました,とびませんでした,とんで,とばない,とばないで,とばなくて,とんだ,とばなかった,とびたい,とぼう,とべば,とばなければ,とべる,とばせる,とばれる,とばされる,,,N5
v051,泊まる,,とまる,tomaru,とまり,intransitive,とまる,to stay overnight,u,travel,とまります,とまりません,とまりました,とまりませんでした,とまって,とまらない,とまらないで,とまらなくて,とまった,とまらなかった,とまりたい,とまろう,とまれば,とまらなければ,とまれる,とまらせる,とまられる,とまらされる,,,N5
v052,遊ぶ,,あそぶ,asobu,あそび,intransitive,あそぶ,to play; to have fun,u,leisure,あそびます,あそびません,あそびました,あそびませんでした,あそんで,あそばない,あそばないで,あそばなくて,あそんだ,あそばなかった,あそびたい,あそぼう,あそべば,あそばなければ,あそべる,あそばせる,あそばれる,あそばされる,,,N5
v053,洗う,,あらう,arau,あらい,transitive,あらう,to wash,u,daily life,あらいます,あらいません,あらいました,あらいませんでした,あらって,あらわない,あらわないで,あらわなくて,あらった,あらわなかった,あらいたい,あらおう,あらえば,あらわなければ,あらえる,あらわせる,あらわれる,あらわされる,,,N5
v054,掃除する,掃除,そうじする,souji suru,そうじし,transitive,そうじする,to clean; to sweep,irregular,daily life,そうじします,そうじしません,そうじしました,そうじしませんでした,そうじして,そうじしない,そうじしないで,そうじしなくて,そうじした,そうじしなかった,そうじしたい,そうじしよう,そうじすれば,そうじしなければ,そうじできる,そうじさせる,そうじされる,そうじさせられる,,,N5
v055,料理する,料理,りょうりする,ryouri suru,りょうりし,transitive,りょうりする,to cook,irregular,food,りょうりします,りょうりしません,りょうりしました,りょうりしませんでした,りょうりして,りょうりしない,りょうりしないで,りょうりしなくて,りょうりした,りょうりしなかった,りょうりしたい,りょうりしよう,りょうりすれば,りょうりしなければ,りょうりできる,りょうりさせる,りょうりされる,りょうりさせられる,,,N5
v056,電話する,電話,でんわする,denwa suru,でんわし,intransitive,でんわする,to make a phone call,irregular,communication,でんわします,でんわしません,でんわしました,でんわしませんでした,でんわして,でんわしない,でんわしないで,でんわしなくて,でんわした,でんわしなかった,でんわしたい,でんわしよう,でんわすれば,でんわしなければ,でんわできる,でんわさせる,でんわされる,でんわさせられる,,,N5
v057,散歩する,散歩,さんぽする,sanpo suru,さんぽし,intransitive,さんぽする,to take a walk,irregular,leisure,さんぽします,さんぽしません,さんぽしました,さんぽしませんでした,さんぽして,さんぽしない,さんぽしないで,さんぽしなくて,さんぽした,さんぽしなかった,さんぽしたい,さんぽしよう,さんぽすれば,さんぽしなければ,さんぽできる,さんぽさせる,さんぽされる,さんぽさせられる,,,N5
v058,練習する,練習,れんしゅうする,renshuu suru,れんしゅうし,transitive,れんしゅうする,to practice,irregular,education,れんしゅうします,れんしゅうしません,れんしゅうしました,れんしゅうしませんでした,れんしゅうして,れんしゅうしない,れんしゅうしないで,れんしゅうしなくて,れんしゅうした,れんしゅうしなかった,れんしゅうしたい,れんしゅうしよう,れんしゅうすれば,れんしゅうしなければ,れんしゅうできる,れんしゅうさせる,れんしゅうされる,れんしゅうさせられる,,,N4
v059,持つ,持,もつ,motsu,もち,transitive,もつ,to hold; to carry,u,action,もちます,もちません,もちました,もちませんでした,もって,もたない,もたないで,もたなくて,もった,もたなかった,もちたい,もとう,もてば,もたなければ,もてる,もたせる,もたれる,もたされる,,,N5
v060,持ってくる,持,もってくる,motte kuru,もってき,transitive,もってくる,to bring,irregular,action,もってきます,もってきません,もってきました,もってきませんでした,もってきて,もってこない,もってこないで,もってこなくて,もってきた,もってこなかった,もってきたい,もってこよう,もってくれば,もってこなければ,もってこられる,もってこさせる,もってこられる,もってこさせられる,,,N5
v061,あげる,,あげる,ageru,あげ,transitive,あげる,to give (to others),ru,social,あげます,あげません,あげました,あげませんでした,あげて,あげない,あげないで,あげなくて,あげた,あげなかった,あげたい,あげよう,あげれば,あげなければ,あげられる,あげさせる,あげられる,あげさせられる,,,N5
v062,もらう,,もらう,morau,もらい,transitive,もらう,to receive,u,social,もらいます,もらいません,もらいました,もらいませんでした,もらって,もらわない,もらわないで,もらわなくて,もらった,もらわなかった,もらいたい,もらおう,もらえば,もらわなければ,もらえる,もらわせる,もらわれる,もらわされる,,,N5
v063,くれる,,くれる,kureru,くれ,transitive,くれる,to give (to me),ru,social,くれます,くれません,くれました,くれませんでした,くれて,くれない,くれないで,くれなくて,くれた,くれなかった,くれたい,くれよう,くれれば,くれなければ,くれられる,くれさせる,くれられる,くれさせられる,,,N5
v064,なる,,なる,naru,なり,intransitive,なる,to become,u,state,なります,なりません,なりました,なりませんでした,なって,ならない,ならないで,ならなくて,なった,ならなかった,なりたい,なろう,なれば,ならなければ,なれる,ならせる,なられる,ならされる,,,N5
v065,できる,,できる,dekiru,でき,intransitive,できる,to be able to; to be done,ru,ability,できます,できません,できました,できませんでした,できて,できない,できないで,できなくて,できた,できなかった,できたい,できよう,できれば,できなければ,できられる,できさせる,できられる,できさせられる,,,N5
v066,わかれる,,わかれる,wakareru,わかれ,intransitive,わかれる,to separate; to break up,ru,social,わかれます,わかれません,わかれました,わかれませんでした,わかれて,わかれない,わかれないで,わかれなくて,わかれた,わかれなかった,わかれたい,わかれよう,わかれれば,わかれなければ,わかれられる,わかれさせる,わかれられる,わかれさせられる,,,N4
v067,結婚する,結婚,けっこんする,kekkon suru,けっこんし,intransitive,けっこんする,to get married,irregular,social,けっこんします,けっこんしません,けっこんしました,けっこんしませんでした,けっこんして,けっこんしない,けっこんしないで,けっこんしなくて,けっこんした,けっこんしなかった,けっこんしたい,けっこんしよう,けっこんすれば,けっこんしなければ,けっこんできる,けっこんさせる,けっこんされる,けっこんさせられる,,,N4
v068,旅行する,旅行,りょこうする,ryokou suru,りょこうし,intransitive,りょこうする,to travel,irregular,travel,りょこうします,りょこうしません,りょこうしました,りょこうしませんでした,りょこうして,りょこうしない,りょこうしないで,りょこうしなくて,りょこうした,りょこうしなかった,りょこうしたい,りょこうしよう,りょこうすれば,りょこうしなければ,りょこうできる,りょこうさせる,りょこうされる,りょこうさせられる,,,N4
v069,運動する,運動,うんどうする,undou suru,うんどうし,intransitive,うんどうする,to exercise,irregular,sports,うんどうします,うんどうしません,うんどうしました,うんどうしませんでした,うんどうして,うんどうしない,うんどうしないで,うんどうしなくて,うんどうした,うんどうしなかった,うんどうしたい,うんどうしよう,うんどうすれば,うんどうしなければ,うんどうできる,うんどうさせる,うんどうされる,うんどうさせられる,,,N4
v070,説明する,説明,せつめいする,setsumei suru,せつめいし,transitive,せつめいする,to explain,irregular,communication,せつめいします,せつめいしません,せつめいしました,せつめいしませんでした,せつめいして,せつめいしない,せつめいしないで,せつめいしなくて,せつめいした,せつめいしなかった,せつめいしたい,せつめいしよう,せつめいすれば,せつめいしなければ,せつめいできる,せつめいさせる,せつめいされる,せつめいさせられる,,,N4
v071,起こす,,おこす,okosu,おこし,transitive,おこす,to wake someone up; to cause,u,action,おこします,おこしません,おこしました,おこしませんでした,おこして,おこさない,おこさないで,おこさなくて,おこした,おこさなかった,おこしたい,おこそう,おこせば,おこさなければ,おこせる,おこさせる,おこされる,おこさされる,,,N4
v072,連れる,,つれる,tsureru,つれ,transitive,つれる,to take someone along,ru,movement,つれます,つれません,つれました,つれませんでした,つれて,つれない,つれないで,つれなくて,つれた,つれなかった,つれたい,つれよう,つれれば,つれなければ,つれられる,つれさせる,つれられる,つれさせられる,,,N4
v073,送る,送,おくる,okuru,おくり,transitive,おくる,to send; to see off,u,action,おくります,おくりません,おくりました,おくりませんでした,おくって,おくらない,おくらないで,おくらなくて,おくった,おくらなかった,おくりたい,おくろう,おくれば,おくらなければ,おくれる,おくらせる,おくられる,おくらされる,,,N4
v074,受ける,受,うける,ukeru,うけ,transitive,うける,to receive; to take (exam),ru,action,うけます,うけません,うけました,うけませんでした,うけて,うけない,うけないで,うけなくて,うけた,うけなかった,うけたい,うけよう,うければ,うけなければ,うけられる,うけさせる,うけられる,うけさせられる,,,N4
v075,決める,,きめる,kimeru,きめ,transitive,きめる,to decide,ru,mental,きめます,きめません,きめました,きめませんでした,きめて,きめない,きめないで,きめなくて,きめた,きめなかった,きめたい,きめよう,きめれば,きめなければ,きめられる,きめさせる,きめられる,きめさせられる,,,N4
v076,考える,,かんがえる,kangaeru,かんがえ,transitive,かんがえる,to think; to consider,ru,mental,かんがえます,かんがえません,かんがえました,かんがえませんでした,かんがえて,かんがえない,かんがえないで,かんがえなくて,かんがえた,かんがえなかった,かんがえたい,かんがえよう,かんがえれば,かんがえなければ,かんがえられる,かんがえさせる,かんがえられる,かんがえさせられる,,,N4
v077,覚える,,おぼえる,oboeru,おぼえ,transitive,おぼえる,to memorize; to remember,ru,mental,おぼえます,おぼえません,おぼえました,おぼえませんでした,おぼえて,おぼえない,おぼえないで,おぼえなくて,おぼえた,おぼえなかった,おぼえたい,おぼえよう,おぼえれば,おぼえなければ,おぼえられる,おぼえさせる,おぼえられる,おぼえさせられる,,,N4
v078,忘れる,,わすれる,wasureru,わすれ,transitive,わすれる,to forget,ru,mental,わすれます,わすれません,わすれました,わすれませんでした,わすれて,わすれない,わすれないで,わすれなくて,わすれた,わすれなかった,わすれたい,わすれよう,わすれれば,わすれなければ,わすれられる,わすれさせる,わすれられる,わすれさせられる,,,N4
v079,調べる,,しらべる,shiraberu,しらべ,transitive,しらべる,to investigate; to look up,ru,action,しらべます,しらべません,しらべました,しらべませんでした,しらべて,しらべない,しらべないで,しらべなくて,しらべた,しらべなかった,しらべたい,しらべよう,しらべれば,しらべなければ,しらべられる,しらべさせる,しらべられる,しらべさせられる,,,N4
v080,集める,,あつめる,atsumeru,あつめ,transitive,あつめる,to collect; to gather,ru,action,あつめます,あつめません,あつめました,あつめませんでした,あつめて,あつめない,あつめないで,あつめなくて,あつめた,あつめなかった,あつめたい,あつめよう,あつめれば,あつめなければ,あつめられる,あつめさせる,あつめられる,あつめさせられる,,,N4
v081,集まる,,あつまる,atsumaru,あつまり,intransitive,あつまる,to gather; to assemble,u,action,あつまります,あつまりません,あつまりました,あつまりませんでした,あつまって,あつまらない,あつまらないで,あつまらなくて,あつまった,あつまらなかった,あつまりたい,あつまろう,あつまれば,あつまらなければ,あつまれる,あつまらせる,あつまられる,あつまらされる,,,N4
v082,変える,,かえる,kaeru,かえ,transitive,かえる,to change (something),ru,action,かえます,かえません,かえました,かえませんでした,かえて,かえない,かえないで,かえなくて,かえた,かえなかった,かえたい,かえよう,かえれば,かえなければ,かえられる,かえさせる,かえられる,かえさせられる,,,N4
v083,変わる,,かわる,kawaru,かわり,intransitive,かわる,to change (itself),u,state,かわります,かわりません,かわりました,かわりませんでした,かわって,かわらない,かわらないで,かわらなくて,かわった,かわらなかった,かわりたい,かわろう,かわれば,かわらなければ,かわれる,かわらせる,かわられる,かわらされる,,,N4
v084,出す,出,だす,dasu,だし,transitive,だす,to take out; to submit,u,action,だします,だしません,だしました,だしませんでした,だして,ださない,ださないで,ださなくて,だした,ださなかった,だしたい,だそう,ださば,ださなければ,だせる,ださせる,ださせる,ださされる,,k0012,N5
v085,入れる,入,いれる,ireru,いれ,transitive,いれる,to put in; to insert,ru,action,いれます,いれません,いれました,いれませんでした,いれて,いれない,いれないで,いれなくて,いれた,いれなかった,いれたい,いれよう,いれれば,いれなければ,いれられる,いれさせる,いれられる,いれさせられる,,k0030,N5
v086,開く,,ひらく,hiraku,ひらき,transitive,ひらく,to open (intrans. also),u,action,ひらきます,ひらきません,ひらきました,ひらきませんでした,ひらいて,ひらかない,ひらかないで,ひらかなくて,ひらいた,ひらかなかった,ひらきたい,ひらこう,ひらけば,ひらかなければ,ひらける,ひらかせる,ひらかれる,ひらかされる,,,N4
v087,閉まる,,しまる,shimaru,しまり,intransitive,しまる,to close (itself),u,action,しまります,しまりません,しまりました,しまりませんでした,しまって,しまらない,しまらないで,しまらなくて,しまった,しまらなかった,しまりたい,しまろう,しまれば,しまらなければ,しまれる,しまらせる,しまられる,しまらされる,,,N4
v088,つく,,つく,tsuku,つき,intransitive,つく,to arrive; to be attached,u,movement,つきます,つきません,つきました,つきませんでした,ついて,つかない,つかないで,つかなくて,ついた,つかなかった,つきたい,つこう,つけば,つかなければ,つける,つかせる,つかれる,つかされる,,,N4
v089,着く,,つく,tsuku,つき,intransitive,つく,to arrive (at destination),u,movement,つきます,つきません,つきました,つきませんでした,ついて,つかない,つかないで,つかなくて,ついた,つかなかった,つきたい,つこう,つけば,つかなければ,つける,つかせる,つかれる,つかされる,,,N4
v090,渡す,,わたす,watasu,わたし,transitive,わたす,to hand over; to cross,u,action,わたします,わたしません,わたしました,わたしませんでした,わたして,わたさない,わたさないで,わたさなくて,わたした,わたさなかった,わたしたい,わたそう,わたせば,わたさなければ,わたせる,わたさせる,わたされる,わたさされる,,,N4
v091,渡る,,わたる,wataru,わたり,intransitive,わたる,to cross over,u,movement,わたります,わたりません,わたりました,わたりませんでした,わたって,わたらない,わたらないで,わたらなくて,わたった,わたらなかった,わたりたい,わたろう,わたれば,わたらなければ,わたれる,わたらせる,わたられる,わたらされる,,,N4
v092,引く,,ひく,hiku,ひき,transitive,ひく,to pull; to draw,u,action,ひきます,ひきません,ひきました,ひきませんでした,ひいて,ひかない,ひかないで,ひかなくて,ひいた,ひかなかった,ひきたい,ひこう,ひけば,ひかなければ,ひける,ひかせる,ひかれる,ひかされる,,,N4
v093,押す,,おす,osu,おし,transitive,おす,to push; to press,u,action,おします,おしません,おしました,おしませんでした,おして,おさない,おさないで,おさなくて,おした,おさなかった,おしたい,おそう,おせば,おさなければ,おせる,おさせる,おされる,おさされる,,,N4
v094,切る,切,きる,kiru,きり,transitive,きる,to cut,u,action,きります,きりません,きりました,きりませんでした,きって,きらない,きらないで,きらなくて,きった,きらなかった,きりたい,きろう,きれば,きらなければ,きれる,きらせる,きられる,きらされる,,,N5
v095,つながる,,つながる,tsunagaru,つながり,intransitive,つながる,to be connected,u,state,つながります,つながりません,つながりました,つながりませんでした,つながって,つながらない,つながらないで,つながらなくて,つながった,つながらなかった,つながりたい,つながろう,つながれば,つながらなければ,つながれる,つながらせる,つながられる,つながらされる,,,N3
v096,繋ぐ,,つなぐ,tsunagu,つなぎ,transitive,つなぐ,to connect; to tie,u,action,つなぎます,つなぎません,つなぎました,つなぎませんでした,つないで,つながない,つながないで,つながなくて,つないだ,つながなかった,つなぎたい,つなごう,つなげば,つながなければ,つなげる,つながせる,つながれる,つながされる,,,N3
v097,頑張る,,がんばる,ganbaru,がんばり,intransitive,がんばる,to do one's best; to persevere,u,abstract,がんばります,がんばりません,がんばりました,がんばりませんでした,がんばって,がんばらない,がんばらないで,がんばらなくて,がんばった,がんばらなかった,がんばりたい,がんばろう,がんばれば,がんばらなければ,がんばれる,がんばらせる,がんばられる,がんばらされる,,,N4
v098,喜ぶ,,よろこぶ,yorokobu,よろこび,intransitive,よろこぶ,to be pleased; to rejoice,u,feeling,よろこびます,よろこびません,よろこびました,よろこびませんでした,よろこんで,よろこばない,よろこばないで,よろこばなくて,よろこんだ,よろこばなかった,よろこびたい,よろこぼう,よろこべば,よろこばなければ,よろこべる,よろこばせる,よろこばれる,よろこばされる,,,N4
v099,悲しむ,,かなしむ,kanashimu,かなしみ,intransitive,かなしむ,to feel sad,u,feeling,かなしみます,かなしみません,かなしみました,かなしみませんでした,かなしんで,かなしまない,かなしまないで,かなしまなくて,かなしんだ,かなしまなかった,かなしみたい,かなしもう,かなしめば,かなしまなければ,かなしめる,かなしませる,かなしまれる,かなしまされる,,,N4
v100,驚く,,おどろく,odoroku,おどろき,intransitive,おどろく,to be surprised,u,feeling,おどろきます,おどろきません,おどろきました,おどろきませんでした,おどろいて,おどろかない,おどろかないで,おどろかなくて,おどろいた,おどろかなかった,おどろきたい,おどろこう,おどろけば,おどろかなければ,おどろける,おどろかせる,おどろかれる,おどろかされる,,,N4
v101,困る,,こまる,komaru,こまり,intransitive,こまる,to be troubled; to be in trouble,u,feeling,こまります,こまりません,こまりました,こまりませんでした,こまって,こまらない,こまらないで,こまらなくて,こまった,こまらなかった,こまりたい,こまろう,こまれば,こまらなければ,こまれる,こまらせる,こまられる,こまらされる,,,N4
v102,急ぐ,,いそぐ,isogu,いそぎ,intransitive,いそぐ,to hurry,u,action,いそぎます,いそぎません,いそぎました,いそぎませんでした,いそいで,いそがない,いそがないで,いそがなくて,いそいだ,いそがなかった,いそぎたい,いそごう,いそげば,いそがなければ,いそげる,いそがせる,いそがれる,いそがされる,,,N4
v103,止まる,,とまる,tomaru,とまり,intransitive,とまる,to stop,u,movement,とまります,とまりません,とまりました,とまりませんでした,とまって,とまらない,とまらないで,とまらなくて,とまった,とまらなかった,とまりたい,とまろう,とまれば,とまらなければ,とまれる,とまらせる,とまられる,とまらされる,,,N4
v104,止める,,とめる,tomeru,とめ,transitive,とめる,to stop (something),ru,action,とめます,とめません,とめました,とめませんでした,とめて,とめない,とめないで,とめなくて,とめた,とめなかった,とめたい,とめよう,とめれば,とめなければ,とめられる,とめさせる,とめられる,とめさせられる,,,N4
v105,引っ越す,,ひっこす,hikkosu,ひっこし,intransitive,ひっこす,to move (house),u,daily life,ひっこします,ひっこしません,ひっこしました,ひっこしませんでした,ひっこして,ひっこさない,ひっこさないで,ひっこさなくて,ひっこした,ひっこさなかった,ひっこしたい,ひっこそう,ひっこせば,ひっこさなければ,ひっこせる,ひっこさせる,ひっこされる,ひっこさされる,,,N4
v106,引っ越しする,引っ越し,ひっこしする,hikkoshi suru,ひっこしし,intransitive,ひっこしする,to move (house) - する form,irregular,daily life,ひっこしします,ひっこししません,ひっこししました,ひっこししませんでした,ひっこして,ひっこししない,ひっこししないで,ひっこししなくて,ひっこしした,ひっこししなかった,ひっこししたい,ひっこししよう,ひっこしすれば,ひっこししなければ,ひっこしできる,ひっこしさせる,ひっこしされる,ひっこしさせられる,,,N4
v107,生まれる,,うまれる,umareru,うまれ,intransitive,うまれる,to be born,ru,life,うまれます,うまれません,うまれました,うまれませんでした,うまれて,うまれない,うまれないで,うまれなくて,うまれた,うまれなかった,うまれたい,うまれよう,うまれれば,うまれなければ,うまれられる,うまれさせる,うまれられる,うまれさせられる,,,N5
v108,死ぬ,,しぬ,shinu,しに,intransitive,しぬ,to die,u,life,しにます,しにません,しにました,しにませんでした,しんで,しなない,しなないで,しななくて,しんだ,しななかった,しにたい,しのう,しねば,しななければ,しねる,しなせる,しなれる,しなされる,,,N4
v109,生きる,,いきる,ikiru,いき,intransitive,いきる,to live; to be alive,ru,life,いきます,いきません,いきました,いきませんでした,いきて,いきない,いきないで,いきなくて,いきた,いきなかった,いきたい,いきよう,いきれば,いきなければ,いきられる,いきさせる,いきられる,いきさせられる,,,N4
v110,育てる,,そだてる,sodateru,そだて,transitive,そだてる,to raise; to bring up,ru,life,そだてます,そだてません,そだてました,そだてませんでした,そだてて,そだてない,そだてないで,そだてなくて,そだてた,そだてなかった,そだてたい,そだてよう,そだてれば,そだてなければ,そだてられる,そだてさせる,そだてられる,そだてさせられる,,,N3
v111,育つ,,そだつ,sodatsu,そだち,intransitive,そだつ,to grow up,u,life,そだちます,そだちません,そだちました,そだちませんでした,そだって,そだたない,そだたないで,そだたなくて,そだった,そだたなかった,そだちたい,そだとう,そだてば,そだたなければ,そだてる,そだたせる,そだたれる,そだたされる,,,N3
v112,増える,,ふえる,fueru,ふえ,intransitive,ふえる,to increase,ru,abstract,ふえます,ふえません,ふえました,ふえませんでした,ふえて,ふえない,ふえないで,ふえなくて,ふえた,ふえなかった,ふえたい,ふえよう,ふえれば,ふえなければ,ふえられる,ふえさせる,ふえられる,ふえさせられる,,,N3
v113,減る,,へる,heru,へり,intransitive,へる,to decrease,u,abstract,へります,へりません,へりました,へりませんでした,へって,へらない,へらないで,へらなくて,へった,へらなかった,へりたい,へろう,へれば,へらなければ,へれる,へらせる,へられる,へらされる,,,N3
v114,増やす,,ふやす,fuyasu,ふやし,transitive,ふやす,to increase (something),u,abstract,ふやします,ふやしません,ふやしました,ふやしませんでした,ふやして,ふやさない,ふやさないで,ふやさなくて,ふやした,ふやさなかった,ふやしたい,ふやそう,ふやせば,ふやさなければ,ふやせる,ふやさせる,ふやされる,ふやさされる,,,N3
v115,減らす,,へらす,herasu,へらし,transitive,へらす,to reduce; to decrease (something),u,abstract,へらします,へらしません,へらしました,へらしませんでした,へらして,へらさない,へらさないで,へらさなくて,へらした,へらさなかった,へらしたい,へらそう,へらせば,へらさなければ,へらせる,へらさせる,へらされる,へらさされる,,,N3
v116,続く,,つづく,tsuzuku,つづき,intransitive,つづく,to continue (intrans.),u,abstract,つづきます,つづきません,つづきました,つづきませんでした,つづいて,つづかない,つづかないで,つづかなくて,つづいた,つづかなかった,つづきたい,つづこう,つづけば,つづかなければ,つづける,つづかせる,つづかれる,つづかされる,,,N3
v117,続ける,,つづける,tsuzukeru,つづけ,transitive,つづける,to continue (trans.),ru,abstract,つづけます,つづけません,つづけました,つづけませんでした,つづけて,つづけない,つづけないで,つづけなくて,つづけた,つづけなかった,つづけたい,つづけよう,つづければ,つづけなければ,つづけられる,つづけさせる,つづけられる,つづけさせられる,,,N3
v118,負ける,,まける,makeru,まけ,intransitive,まける,to lose; to be defeated,ru,sports,まけます,まけません,まけました,まけませんでした,まけて,まけない,まけないで,まけなくて,まけた,まけなかった,まけたい,まけよう,まければ,まけなければ,まけられる,まけさせる,まけられる,まけさせられる,,,N4
v119,勝つ,,かつ,katsu,かち,intransitive,かつ,to win,u,sports,かちます,かちません,かちました,かちませんでした,かって,かたない,かたないで,かたなくて,かった,かたなかった,かちたい,かとう,かてば,かたなければ,かてる,かたせる,かたれる,かたされる,,,N4
v120,比べる,,くらべる,kuraberu,くらべ,transitive,くらべる,to compare,ru,abstract,くらべます,くらべません,くらべました,くらべませんでした,くらべて,くらべない,くらべないで,くらべなくて,くらべた,くらべなかった,くらべたい,くらべよう,くらべれば,くらべなければ,くらべられる,くらべさせる,くらべられる,くらべさせられる,,,N3
v121,調べる,,しらべる,shiraberu,しらべ,transitive,しらべる,to investigate; to look up,ru,study,しらべます,しらべません,しらべました,しらべませんでした,しらべて,しらべない,しらべないで,しらべなくて,しらべた,しらべなかった,しらべたい,しらべよう,しらべれば,しらべなければ,しらべられる,しらべさせる,しらべられる,しらべさせられる,,,N3
v122,集める,,あつめる,atsumeru,あつめ,transitive,あつめる,to collect; to gather,ru,abstract,あつめます,あつめません,あつめました,あつめませんでした,あつめて,あつめない,あつめないで,あつめなくて,あつめた,あつめなかった,あつめたい,あつめよう,あつめれば,あつめなければ,あつめられる,あつめさせる,あつめられる,あつめさせられる,,,N3
v123,集まる,,あつまる,atsumaru,あつまり,intransitive,あつまる,to gather; to assemble,u,abstract,あつまります,あつまりません,あつまりました,あつまりませんでした,あつまって,あつまらない,あつまらないで,あつまらなくて,あつまった,あつまらなかった,あつまりたい,あつまろう,あつまれば,あつまらなければ,あつまれる,あつまらせる,あつまられる,あつまらされる,,,N3
v124,決める,,きめる,kimeru,きめ,transitive,きめる,to decide; to determine,ru,abstract,きめます,きめません,きめました,きめませんでした,きめて,きめない,きめないで,きめなくて,きめた,きめなかった,きめたい,きめよう,きめれば,きめなければ,きめられる,きめさせる,きめられる,きめさせられる,,,N3
v125,決まる,,きまる,kimaru,きまり,intransitive,きまる,to be decided; to be settled,u,abstract,きまります,きまりません,きまりました,きまりませんでした,きまって,きまらない,きまらないで,きまらなくて,きまった,きまらなかった,きまりたい,きまろう,きまれば,きまらなければ,きまれる,きまらせる,きまられる,きまらされる,,,N3
v126,変える,,かえる,kaeru,かえ,transitive,かえる,to change; to alter,ru,abstract,かえます,かえません,かえました,かえませんでした,かえて,かえない,かえないで,かえなくて,かえた,かえなかった,かえたい,かえよう,かえれば,かえなければ,かえられる,かえさせる,かえられる,かえさせられる,,,N3
v127,変わる,,かわる,kawaru,かわり,intransitive,かわる,to change; to vary,u,abstract,かわります,かわりません,かわりました,かわりませんでした,かわって,かわらない,かわらないで,かわらなくて,かわった,かわらなかった,かわりたい,かわろう,かわれば,かわらなければ,かわれる,かわらせる,かわられる,かわらされる,,,N3
v128,増える,,ふえる,fueru,ふえ,intransitive,ふえる,to increase; to grow,ru,abstract,ふえます,ふえません,ふえました,ふえませんでした,ふえて,ふえない,ふえないで,ふえなくて,ふえた,ふえなかった,ふえたい,ふえよう,ふえれば,ふえなければ,ふえられる,ふえさせる,ふえられる,ふえさせられる,,,N3
v129,増やす,,ふやす,fuyasu,ふやし,transitive,ふやす,to increase; to add to,u,abstract,ふやします,ふやしません,ふやしました,ふやしませんでした,ふやして,ふやさない,ふやさないで,ふやさなくて,ふやした,ふやさなかった,ふやしたい,ふやそう,ふやせば,ふやさなければ,ふやせる,ふやさせる,ふやされる,ふやさされる,,,N3
v130,減る,,へる,heru,へり,intransitive,へる,to decrease; to diminish,u,abstract,へります,へりません,へりました,へりませんでした,へって,へらない,へらないで,へらなくて,へった,へらなかった,へりたい,へろう,へれば,へらなければ,へれる,へらせる,へられる,へらされる,,,N3
v131,減らす,,へらす,herasu,へらし,transitive,へらす,to reduce; to decrease,u,abstract,へらします,へらしません,へらしました,へらしませんでした,へらして,へらさない,へらさないで,へらさなくて,へらした,へらさなかった,へらしたい,へらそう,へらせば,へらさなければ,へらせる,へらさせる,へらされる,へらさされる,,,N3
v132,壊す,,こわす,kowasu,こわし,transitive,こわす,to break; to destroy,u,object,こわします,こわしません,こわしました,こわしませんでした,こわして,こわさない,こわさないで,こわさなくて,こわした,こわさなかった,こわしたい,こわそう,こわせば,こわさなければ,こわせる,こわさせる,こわされる,こわさされる,,,N3
v133,壊れる,,こわれる,kowareru,こわれ,intransitive,こわれる,to break; to be broken,ru,object,こわれます,こわれません,こわれました,こわれませんでした,こわれて,こわれない,こわれないで,こわれなくて,こわれた,こわれなかった,こわれたい,こわれよう,こわれれば,こわれなければ,こわれられる,こわれさせる,こわれられる,こわれさせられる,,,N3
v134,直す,,なおす,naosu,なおし,transitive,なおす,to fix; to correct,u,object,なおします,なおしません,なおしました,なおしませんでした,なおして,なおさない,なおさないで,なおさなくて,なおした,なおさなかった,なおしたい,なおそう,なおせば,なおさなければ,なおせる,なおさせる,なおされる,なおさされる,,,N4
v135,直る,,なおる,naoru,なおり,intransitive,なおる,to be fixed; to recover,u,health,なおります,なおりません,なおりました,なおりませんでした,なおって,なおらない,なおらないで,なおらなくて,なおった,なおらなかった,なおりたい,なおろう,なおれば,なおらなければ,なおれる,なおらせる,なおられる,なおらされる,,,N4
v136,払う,,はらう,harau,はらい,transitive,はらう,to pay,u,money,はらいます,はらいません,はらいました,はらいませんでした,はらって,はらわない,はらわないで,はらわなくて,はらった,はらわなかった,はらいたい,はらおう,はらえば,はらわなければ,はらえる,はらわせる,はらわれる,はらわされる,,,N4
v137,受ける,,うける,ukeru,うけ,transitive,うける,to receive; to take (exam),ru,study,うけます,うけません,うけました,うけませんでした,うけて,うけない,うけないで,うけなくて,うけた,うけなかった,うけたい,うけよう,うければ,うけなければ,うけられる,うけさせる,うけられる,うけさせられる,,,N4
v138,送る,,おくる,okuru,おくり,transitive,おくる,to send; to see off,u,communication,おくります,おくりません,おくりました,おくりませんでした,おくって,おくらない,おくらないで,おくらなくて,おくった,おくらなかった,おくりたい,おくろう,おくれば,おくらなければ,おくれる,おくらせる,おくられる,おくらされる,,,N4
v139,届く,,とどく,todoku,とどき,intransitive,とどく,to arrive; to reach,u,communication,とどきます,とどきません,とどきました,とどきませんでした,とどいて,とどかない,とどかないで,とどかなくて,とどいた,とどかなかった,とどきたい,とどこう,とどけば,とどかなければ,とどける,とどかせる,とどかれる,とどかされる,,,N4
v140,届ける,,とどける,todokeru,とどけ,transitive,とどける,to deliver; to report,ru,communication,とどけます,とどけません,とどけました,とどけませんでした,とどけて,とどけない,とどけないで,とどけなくて,とどけた,とどけなかった,とどけたい,とどけよう,とどければ,とどけなければ,とどけられる,とどけさせる,とどけられる,とどけさせられる,,,N4
v141,起こす,,おこす,okosu,おこし,transitive,おこす,to wake (someone) up; to cause,u,daily,おこします,おこしません,おこしました,おこしませんでした,おこして,おこさない,おこさないで,おこさなくて,おこした,おこさなかった,おこしたい,おこそう,おこせば,おこさなければ,おこせる,おこさせる,おこされる,おこさされる,,,N4
v142,起こる,,おこる,okoru,おこり,intransitive,おこる,to happen; to occur,u,abstract,おこります,おこりません,おこりました,おこりませんでした,おこって,おこらない,おこらないで,おこらなくて,おこった,おこらなかった,おこりたい,おころう,おこれば,おこらなければ,おこれる,おこらせる,おこられる,おこらされる,,,N4
v143,見せる,,みせる,miseru,みせ,transitive,みせる,to show,ru,communication,みせます,みせません,みせました,みせませんでした,みせて,みせない,みせないで,みせなくて,みせた,みせなかった,みせたい,みせよう,みせれば,みせなければ,みせられる,みせさせる,みせられる,みせさせられる,,,N5
v144,見える,,みえる,mieru,みえ,intransitive,みえる,to be visible; to appear,ru,perception,みえます,みえません,みえました,みえませんでした,みえて,みえない,みえないで,みえなくて,みえた,みえなかった,みえたい,みえよう,みえれば,みえなければ,みえられる,みえさせる,みえられる,みえさせられる,,,N4
v145,聞こえる,,きこえる,kikoeru,きこえ,intransitive,きこえる,to be audible; to sound,ru,perception,きこえます,きこえません,きこえました,きこえませんでした,きこえて,きこえない,きこえないで,きこえなくて,きこえた,きこえなかった,きこえたい,きこえよう,きこえれば,きこえなければ,きこえられる,きこえさせる,きこえられる,きこえさせられる,,,N4
v146,感じる,,かんじる,kanjiru,かんじ,transitive,かんじる,to feel; to sense,ru,emotion,かんじます,かんじません,かんじました,かんじませんでした,かんじて,かんじない,かんじないで,かんじなくて,かんじた,かんじなかった,かんじたい,かんじよう,かんじれば,かんじなければ,かんじられる,かんじさせる,かんじられる,かんじさせられる,,,N4
v147,考える,,かんがえる,kangaeru,かんがえ,transitive,かんがえる,to think; to consider,ru,abstract,かんがえます,かんがえません,かんがえました,かんがえませんでした,かんがえて,かんがえない,かんがえないで,かんがえなくて,かんがえた,かんがえなかった,かんがえたい,かんがえよう,かんがえれば,かんがえなければ,かんがえられる,かんがえさせる,かんがえられる,かんがえさせられる,,,N4
v148,説明する,,せつめいする,setsumei suru,せつめいし,transitive,せつめいする,to explain,irregular,communication,せつめいします,せつめいしません,せつめいしました,せつめいしませんでした,せつめいして,せつめいしない,せつめいしないで,せつめいしなくて,せつめいした,せつめいしなかった,せつめいしたい,せつめいしよう,せつめいすれば,せつめいしなければ,せつめいできる,せつめいさせる,せつめいされる,せつめいさせられる,,,N4
v149,紹介する,,しょうかいする,shoukai suru,しょうかいし,transitive,しょうかいする,to introduce,irregular,social,しょうかいします,しょうかいしません,しょうかいしました,しょうかいしませんでした,しょうかいして,しょうかいしない,しょうかいしないで,しょうかいしなくて,しょうかいした,しょうかいしなかった,しょうかいしたい,しょうかいしよう,しょうかいすれば,しょうかいしなければ,しょうかいできる,しょうかいさせる,しょうかいされる,しょうかいさせられる,,,N4
v150,予約する,,よやくする,yoyaku suru,よやくし,transitive,よやくする,to make a reservation; to book,irregular,travel,よやくします,よやくしません,よやくしました,よやくしませんでした,よやくして,よやくしない,よやくしないで,よやくしなくて,よやくした,よやくしなかった,よやくしたい,よやくしよう,よやくすれば,よやくしなければ,よやくできる,よやくさせる,よやくされる,よやくさせられる,,,N4
v151,確認する,,かくにんする,kakunin suru,かくにんし,transitive,かくにんする,to confirm; to verify,irregular,abstract,かくにんします,かくにんしません,かくにんしました,かくにんしませんでした,かくにんして,かくにんしない,かくにんしないで,かくにんしなくて,かくにんした,かくにんしなかった,かくにんしたい,かくにんしよう,かくにんすれば,かくにんしなければ,かくにんできる,かくにんさせる,かくにんされる,かくにんさせられる,,,N3
v152,連絡する,,れんらくする,renraku suru,れんらくし,transitive,れんらくする,to contact; to get in touch,irregular,communication,れんらくします,れんらくしません,れんらくしました,れんらくしませんでした,れんらくして,れんらくしない,れんらくしないで,れんらくしなくて,れんらくした,れんらくしなかった,れんらくしたい,れんらくしよう,れんらくすれば,れんらくしなければ,れんらくできる,れんらくさせる,れんらくされる,れんらくさせられる,,,N3
v153,相談する,,そうだんする,soudan suru,そうだんし,transitive,そうだんする,to consult; to discuss,irregular,social,そうだんします,そうだんしません,そうだんしました,そうだんしませんでした,そうだんして,そうだんしない,そうだんしないで,そうだんしなくて,そうだんした,そうだんしなかった,そうだんしたい,そうだんしよう,そうだんすれば,そうだんしなければ,そうだんできる,そうだんさせる,そうだんされる,そうだんさせられる,,,N3
v154,参加する,,さんかする,sanka suru,さんかし,intransitive,さんかする,to participate; to join,irregular,social,さんかします,さんかしません,さんかしました,さんかしませんでした,さんかして,さんかしない,さんかしないで,さんかしなくて,さんかした,さんかしなかった,さんかしたい,さんかしよう,さんかすれば,さんかしなければ,さんかできる,さんかさせる,さんかされる,さんかさせられる,,,N3
v155,失敗する,,しっぱいする,shippai suru,しっぱいし,intransitive,しっぱいする,to fail; to make a mistake,irregular,abstract,しっぱいします,しっぱいしません,しっぱいしました,しっぱいしませんでした,しっぱいして,しっぱいしない,しっぱいしないで,しっぱいしなくて,しっぱいした,しっぱいしなかった,しっぱいしたい,しっぱいしよう,しっぱいすれば,しっぱいしなければ,しっぱいできる,しっぱいさせる,しっぱいされる,しっぱいさせられる,,,N3
v156,成功する,,せいこうする,seikou suru,せいこうし,intransitive,せいこうする,to succeed; to be successful,irregular,abstract,せいこうします,せいこうしません,せいこうしました,せいこうしませんでした,せいこうして,せいこうしない,せいこうしないで,せいこうしなくて,せいこうした,せいこうしなかった,せいこうしたい,せいこうしよう,せいこうすれば,せいこうしなければ,せいこうできる,せいこうさせる,せいこうされる,せいこうさせられる,,,N3
v157,注意する,,ちゅういする,chuui suru,ちゅういし,transitive,ちゅういする,to pay attention; to warn,irregular,abstract,ちゅういします,ちゅういしません,ちゅういしました,ちゅういしませんでした,ちゅういして,ちゅういしない,ちゅういしないで,ちゅういしなくて,ちゅういした,ちゅういしなかった,ちゅういしたい,ちゅういしよう,ちゅういすれば,ちゅういしなければ,ちゅういできる,ちゅういさせる,ちゅういされる,ちゅういさせられる,,,N3
v158,利用する,,りようする,riyou suru,りようし,transitive,りようする,to use; to make use of,irregular,abstract,りようします,りようしません,りようしました,りようしませんでした,りようして,りようしない,りようしないで,りようしなくて,りようした,りようしなかった,りようしたい,りようしよう,りようすれば,りようしなければ,りようできる,りようさせる,りようされる,りようさせられる,,,N3
v159,判断する,,はんだんする,handan suru,はんだんし,transitive,はんだんする,to judge; to determine,irregular,abstract,はんだんします,はんだんしません,はんだんしました,はんだんしませんでした,はんだんして,はんだんしない,はんだんしないで,はんだんしなくて,はんだんした,はんだんしなかった,はんだんしたい,はんだんしよう,はんだんすれば,はんだんしなければ,はんだんできる,はんだんさせる,はんだんされる,はんだんさせられる,,,N2
v160,発展する,,はってんする,hatten suru,はってんし,intransitive,はってんする,to develop; to expand,irregular,abstract,はってんします,はってんしません,はってんしました,はってんしませんでした,はってんして,はってんしない,はってんしないで,はってんしなくて,はってんした,はってんしなかった,はってんしたい,はってんしよう,はってんすれば,はってんしなければ,はってんできる,はってんさせる,はってんされる,はってんさせられる,,,N2
v161,提案する,,ていあんする,teian suru,ていあんし,transitive,ていあんする,to propose; to suggest,irregular,abstract,ていあんします,ていあんしません,ていあんしました,ていあんしませんでした,ていあんして,ていあんしない,ていあんしないで,ていあんしなくて,ていあんした,ていあんしなかった,ていあんしたい,ていあんしよう,ていあんすれば,ていあんしなければ,ていあんできる,ていあんさせる,ていあんされる,ていあんさせられる,,,N2
v162,主張する,,しゅちょうする,shuchou suru,しゅちょうし,transitive,しゅちょうする,to insist; to assert,irregular,communication,しゅちょうします,しゅちょうしません,しゅちょうしました,しゅちょうしませんでした,しゅちょうして,しゅちょうしない,しゅちょうしないで,しゅちょうしなくて,しゅちょうした,しゅちょうしなかった,しゅちょうしたい,しゅちょうしよう,しゅちょうすれば,しゅちょうしなければ,しゅちょうできる,しゅちょうさせる,しゅちょうされる,しゅちょうさせられる,,,N2
v163,反対する,,はんたいする,hantai suru,はんたいし,intransitive,はんたいする,to oppose; to object,irregular,abstract,はんたいします,はんたいしません,はんたいしました,はんたいしませんでした,はんたいして,はんたいしない,はんたいしないで,はんたいしなくて,はんたいした,はんたいしなかった,はんたいしたい,はんたいしよう,はんたいすれば,はんたいしなければ,はんたいできる,はんたいさせる,はんたいされる,はんたいさせられる,,,N2
v164,影響する,,えいきょうする,eikyou suru,えいきょうし,intransitive,えいきょうする,to influence; to affect,irregular,abstract,えいきょうします,えいきょうしません,えいきょうしました,えいきょうしませんでした,えいきょうして,えいきょうしない,えいきょうしないで,えいきょうしなくて,えいきょうした,えいきょうしなかった,えいきょうしたい,えいきょうしよう,えいきょうすれば,えいきょうしなければ,えいきょうできる,えいきょうさせる,えいきょうされる,えいきょうさせられる,,,N2
v165,管理する,,かんりする,kanri suru,かんりし,transitive,かんりする,to manage; to administer,irregular,work,かんりします,かんりしません,かんりしました,かんりしませんでした,かんりして,かんりしない,かんりしないで,かんりしなくて,かんりした,かんりしなかった,かんりしたい,かんりしよう,かんりすれば,かんりしなければ,かんりできる,かんりさせる,かんりされる,かんりさせられる,,,N2
v166,解決する,,かいけつする,kaiketsu suru,かいけつし,transitive,かいけつする,to solve; to resolve,irregular,abstract,かいけつします,かいけつしません,かいけつしました,かいけつしませんでした,かいけつして,かいけつしない,かいけつしないで,かいけつしなくて,かいけつした,かいけつしなかった,かいけつしたい,かいけつしよう,かいけつすれば,かいけつしなければ,かいけつできる,かいけつさせる,かいけつされる,かいけつさせられる,,,N2
v167,維持する,,いじする,iji suru,いじし,transitive,いじする,to maintain; to preserve,irregular,abstract,いじします,いじしません,いじしました,いじしませんでした,いじして,いじしない,いじしないで,いじしなくて,いじした,いじしなかった,いじしたい,いじしよう,いじすれば,いじしなければ,いじできる,いじさせる,いじされる,いじさせられる,,,N2
v168,実現する,,じつげんする,jitsugen suru,じつげんし,transitive,じつげんする,to realize; to achieve,irregular,abstract,じつげんします,じつげんしません,じつげんしました,じつげんしませんでした,じつげんして,じつげんしない,じつげんしないで,じつげんしなくて,じつげんした,じつげんしなかった,じつげんしたい,じつげんしよう,じつげんすれば,じつげんしなければ,じつげんできる,じつげんさせる,じつげんされる,じつげんさせられる,,,N2
v169,促進する,,そくしんする,sokushin suru,そくしんし,transitive,そくしんする,to promote; to encourage,irregular,abstract,そくしんします,そくしんしません,そくしんしました,そくしんしませんでした,そくしんして,そくしんしない,そくしんしないで,そくしんしなくて,そくしんした,そくしんしなかった,そくしんしたい,そくしんしよう,そくしんすれば,そくしんしなければ,そくしんできる,そくしんさせる,そくしんされる,そくしんさせられる,,,N1
v170,貢献する,,こうけんする,kouken suru,こうけんし,intransitive,こうけんする,to contribute; to make a contribution,irregular,abstract,こうけんします,こうけんしません,こうけんしました,こうけんしませんでした,こうけんして,こうけんしない,こうけんしないで,こうけんしなくて,こうけんした,こうけんしなかった,こうけんしたい,こうけんしよう,こうけんすれば,こうけんしなければ,こうけんできる,こうけんさせる,こうけんされる,こうけんさせられる,,,N1
v171,把握する,,はあくする,haaku suru,はあくし,transitive,はあくする,to grasp; to understand fully,irregular,abstract,はあくします,はあくしません,はあくしました,はあくしませんでした,はあくして,はあくしない,はあくしないで,はあくしなくて,はあくした,はあくしなかった,はあくしたい,はあくしよう,はあくすれば,はあくしなければ,はあくできる,はあくさせる,はあくされる,はあくさせられる,,,N1
v172,対応する,,たいおうする,taiou suru,たいおうし,intransitive,たいおうする,to respond; to deal with,irregular,abstract,たいおうします,たいおうしません,たいおうしました,たいおうしませんでした,たいおうして,たいおうしない,たいおうしないで,たいおうしなくて,たいおうした,たいおうしなかった,たいおうしたい,たいおうしよう,たいおうすれば,たいおうしなければ,たいおうできる,たいおうさせる,たいおうされる,たいおうさせられる,,,N1
v173,廃止する,,はいしする,haishi suru,はいしし,transitive,はいしする,to abolish; to discontinue,irregular,abstract,はいしします,はいししません,はいししました,はいししませんでした,はいしして,はいししない,はいししないで,はいししなくて,はいしした,はいししなかった,はいししたい,はいししよう,はいしすれば,はいししなければ,はいしできる,はいしさせる,はいしされる,はいしさせられる,,,N1
v174,導入する,,どうにゅうする,dounyuu suru,どうにゅうし,transitive,どうにゅうする,to introduce; to adopt,irregular,abstract,どうにゅうします,どうにゅうしません,どうにゅうしました,どうにゅうしませんでした,どうにゅうして,どうにゅうしない,どうにゅうしないで,どうにゅうしなくて,どうにゅうした,どうにゅうしなかった,どうにゅうしたい,どうにゅうしよう,どうにゅうすれば,どうにゅうしなければ,どうにゅうできる,どうにゅうさせる,どうにゅうされる,どうにゅうさせられる,,,N1
v175,取り組む,,とりくむ,torikumu,とりくみ,transitive,とりくむ,to tackle; to work on,u,work,とりくみます,とりくみません,とりくみました,とりくみませんでした,とりくんで,とりくまない,とりくまないで,とりくまなくて,とりくんだ,とりくまなかった,とりくみたい,とりくもう,とりくめば,とりくまなければ,とりくめる,とりくませる,とりくまれる,とりくまされる,,,N2
v176,見直す,,みなおす,minaosu,みなおし,transitive,みなおす,to review; to reconsider,u,abstract,みなおします,みなおしません,みなおしました,みなおしませんでした,みなおして,みなおさない,みなおさないで,みなおさなくて,みなおした,みなおさなかった,みなおしたい,みなおそう,みなおせば,みなおさなければ,みなおせる,みなおさせる,みなおされる,みなおさされる,,,N2
v177,気づく,,きづく,kidzuku,きづき,intransitive,きづく,to notice; to realize,u,perception,きづきます,きづきません,きづきました,きづきませんでした,きづいて,きづかない,きづかないで,きづかなくて,きづいた,きづかなかった,きづきたい,きづこう,きづけば,きづかなければ,きづける,きづかせる,きづかれる,きづかされる,,,N3
v178,落ち込む,,おちこむ,ochikomu,おちこみ,intransitive,おちこむ,to feel depressed; to be discouraged,u,emotion,おちこみます,おちこみません,おちこみました,おちこみませんでした,おちこんで,おちこまない,おちこまないで,おちこまなくて,おちこんだ,おちこまなかった,おちこみたい,おちこもう,おちこめば,おちこまなければ,おちこめる,おちこませる,おちこまれる,おちこまされる,,,N3
v179,諦める,,あきらめる,akirameru,あきらめ,transitive,あきらめる,to give up; to abandon,ru,emotion,あきらめます,あきらめません,あきらめました,あきらめませんでした,あきらめて,あきらめない,あきらめないで,あきらめなくて,あきらめた,あきらめなかった,あきらめたい,あきらめよう,あきらめれば,あきらめなければ,あきらめられる,あきらめさせる,あきらめられる,あきらめさせられる,,,N3
v180,悩む,,なやむ,nayamu,なやみ,intransitive,なやむ,to worry; to be troubled,u,emotion,なやみます,なやみません,なやみました,なやみませんでした,なやんで,なやまない,なやまないで,なやまなくて,なやんだ,なやまなかった,なやみたい,なやもう,なやめば,なやまなければ,なやめる,なやませる,なやまれる,なやまされる,,,N3
v181,励ます,,はげます,hagemasu,はげまし,transitive,はげます,to encourage; to cheer up,u,emotion,はげまします,はげましません,はげましました,はげましませんでした,はげまして,はげまさない,はげまさないで,はげまさなくて,はげました,はげまさなかった,はげましたい,はげまそう,はげませば,はげまさなければ,はげませる,はげまさせる,はげまされる,はげまさされる,,,N3
v182,喜ぶ,,よろこぶ,yorokobu,よろこび,intransitive,よろこぶ,to be pleased; to rejoice,u,emotion,よろこびます,よろこびません,よろこびました,よろこびませんでした,よろこんで,よろこばない,よろこばないで,よろこばなくて,よろこんだ,よろこばなかった,よろこびたい,よろこぼう,よろこべば,よろこばなければ,よろこべる,よろこばせる,よろこばれる,よろこばされる,,,N4
v183,悲しむ,,かなしむ,kanashimu,かなしみ,intransitive,かなしむ,to feel sad; to grieve,u,emotion,かなしみます,かなしみません,かなしみました,かなしみませんでした,かなしんで,かなしまない,かなしまないで,かなしまなくて,かなしんだ,かなしまなかった,かなしみたい,かなしもう,かなしめば,かなしまなければ,かなしめる,かなしませる,かなしまれる,かなしまされる,,,N4
v184,急ぐ,,いそぐ,isogu,いそぎ,intransitive,いそぐ,to hurry; to rush,u,daily,いそぎます,いそぎません,いそぎました,いそぎませんでした,いそいで,いそがない,いそがないで,いそがなくて,いそいだ,いそがなかった,いそぎたい,いそごう,いそげば,いそがなければ,いそげる,いそがせる,いそがれる,いそがされる,,,N5
v185,遅れる,,おくれる,okureru,おくれ,intransitive,おくれる,to be late; to fall behind,ru,daily,おくれます,おくれません,おくれました,おくれませんでした,おくれて,おくれない,おくれないで,おくれなくて,おくれた,おくれなかった,おくれたい,おくれよう,おくれれば,おくれなければ,おくれられる,おくれさせる,おくれられる,おくれさせられる,,,N5
v186,間に合う,,まにあう,maniau,まにあい,intransitive,まにあう,to be in time; to make it,u,daily,まにあいます,まにあいません,まにあいました,まにあいませんでした,まにあって,まにあわない,まにあわないで,まにあわなくて,まにあった,まにあわなかった,まにあいたい,まにあおう,まにあえば,まにあわなければ,まにあえる,まにあわせる,まにあわれる,まにあわされる,,,N4
v187,戻る,,もどる,modoru,もどり,intransitive,もどる,to return; to go back,u,travel,もどります,もどりません,もどりました,もどりませんでした,もどって,もどらない,もどらないで,もどらなくて,もどった,もどらなかった,もどりたい,もどろう,もどれば,もどらなければ,もどれる,もどらせる,もどられる,もどらされる,,,N4
v188,渡る,,わたる,wataru,わたり,intransitive,わたる,to cross; to go across,u,travel,わたります,わたりません,わたりました,わたりませんでした,わたって,わたらない,わたらないで,わたらなくて,わたった,わたらなかった,わたりたい,わたろう,わたれば,わたらなければ,わたれる,わたらせる,わたられる,わたらされる,,,N5
v189,運ぶ,,はこぶ,hakobu,はこび,transitive,はこぶ,to carry; to transport,u,object,はこびます,はこびません,はこびました,はこびませんでした,はこんで,はこばない,はこばないで,はこばなくて,はこんだ,はこばなかった,はこびたい,はこぼう,はこべば,はこばなければ,はこべる,はこばせる,はこばれる,はこばされる,,,N4
v190,拾う,,ひろう,hirou,ひろい,transitive,ひろう,to pick up; to find,u,object,ひろいます,ひろいません,ひろいました,ひろいませんでした,ひろって,ひろわない,ひろわないで,ひろわなくて,ひろった,ひろわなかった,ひろいたい,ひろおう,ひろえば,ひろわなければ,ひろえる,ひろわせる,ひろわれる,ひろわされる,,,N4
v191,捨てる,,すてる,suteru,すて,transitive,すてる,to throw away; to discard,ru,object,すてます,すてません,すてました,すてませんでした,すてて,すてない,すてないで,すてなくて,すてた,すてなかった,すてたい,すてよう,すてれば,すてなければ,すてられる,すてさせる,すてられる,すてさせられる,,,N4
v192,預ける,,あずける,azukeru,あずけ,transitive,あずける,to entrust; to deposit,ru,money,あずけます,あずけません,あずけました,あずけませんでした,あずけて,あずけない,あずけないで,あずけなくて,あずけた,あずけなかった,あずけたい,あずけよう,あずければ,あずけなければ,あずけられる,あずけさせる,あずけられる,あずけさせられる,,,N3
v193,働く,,はたらく,hataraku,はたらき,intransitive,はたらく,to work; to be employed,u,work,はたらきます,はたらきません,はたらきました,はたらきませんでした,はたらいて,はたらかない,はたらかないで,はたらかなくて,はたらいた,はたらかなかった,はたらきたい,はたらこう,はたらけば,はたらかなければ,はたらける,はたらかせる,はたらかれる,はたらかされる,,,N5
v194,休む,,やすむ,yasumu,やすみ,intransitive,やすむ,to rest; to be absent,u,daily,やすみます,やすみません,やすみました,やすみませんでした,やすんで,やすまない,やすまないで,やすまなくて,やすんだ,やすまなかった,やすみたい,やすもう,やすめば,やすまなければ,やすめる,やすませる,やすまれる,やすまされる,,,N5
v195,泳ぐ,,およぐ,oyogu,およぎ,intransitive,およぐ,to swim,u,sports,およぎます,およぎません,およぎました,およぎませんでした,およいで,およがない,およがないで,およがなくて,およいだ,およがなかった,およぎたい,およごう,およげば,およがなければ,およげる,およがせる,およがれる,およがされる,,,N5
v196,走る,,はしる,hashiru,はしり,intransitive,はしる,to run,u,sports,はしります,はしりません,はしりました,はしりませんでした,はしって,はしらない,はしらないで,はしらなくて,はしった,はしらなかった,はしりたい,はしろう,はしれば,はしらなければ,はしれる,はしらせる,はしられる,はしらされる,,,N5
v197,歌う,,うたう,utau,うたい,transitive,うたう,to sing,u,arts,うたいます,うたいません,うたいました,うたいませんでした,うたって,うたわない,うたわないで,うたわなくて,うたった,うたわなかった,うたいたい,うたおう,うたえば,うたわなければ,うたえる,うたわせる,うたわれる,うたわされる,,,N5
v198,弾く,,ひく,hiku,ひき,transitive,ひく,to play (instrument); to pull,u,arts,ひきます,ひきません,ひきました,ひきませんでした,ひいて,ひかない,ひかないで,ひかなくて,ひいた,ひかなかった,ひきたい,ひこう,ひけば,ひかなければ,ひける,ひかせる,ひかれる,ひかされる,,,N4
v199,描く,,かく,kaku,かき,transitive,かく,to draw; to paint,u,arts,かきます,かきません,かきました,かきませんでした,かいて,かかない,かかないで,かかなくて,かいた,かかなかった,かきたい,かこう,かけば,かかなければ,かける,かかせる,かかれる,かかされる,,,N4
v200,料理する,,りょうりする,ryouri suru,りょうりし,transitive,りょうりする,to cook; to prepare food,irregular,food,りょうりします,りょうりしません,りょうりしました,りょうりしませんでした,りょうりして,りょうりしない,りょうりしないで,りょうりしなくて,りょうりした,りょうりしなかった,りょうりしたい,りょうりしよう,りょうりすれば,りょうりしなければ,りょうりできる,りょうりさせる,りょうりされる,りょうりさせられる,,,N5
